,Rate
3688,6.5
5876,6.2
51,8.2
5196,7.6
6011,5.1
6020,7.8
4091,6.6
1558,6.3
745,7.9
4753,6.6
5436,7.8
1467,6.3
2127,7.7
195,8.7
4481,6.8
2228,7.5
4590,5.4
802,6.1
1618,7.7
3455,7.4
4299,6.8
620,8.6
5288,5.5
5528,7.5
3862,6.6
6050,8.0
3889,4.9
6067,4.7
644,7.9
5456,6.7
5296,7.6
5487,7.7
1061,8.1
4961,5.6
5909,6.7
120,8.1
1777,8.3
3801,7.6
3128,6.9
5703,7.4
4960,7.5
4774,6.1
1230,6.5
3270,7.5
1859,7.3
3668,6.1
5956,6.6
3779,8.0
5527,6.8
134,8.8
3685,6.6
4706,6.2
3885,6.7
2577,No Rate
4319,7.9
1721,5.3
2357,6.6
511,5.8
6162,8.1
62,6.4
3085,6.5
1553,8.0
3989,6.3
5369,4.2
2644,7.8
2836,6.9
5594,8.0
4071,5.6
2225,6.6
679,8.4
5329,6.5
1211,7.5
122,7.6
2802,6.5
1593,7.3
4205,4.8
5695,6.8
3361,6.5
1210,6.8
567,No Rate
1873,6.4
3816,6.4
548,8.1
1717,No Rate
864,6.9
5152,7.7
1392,7.8
4629,7.1
3393,6.8
2550,6.6
2149,6.8
3661,7.0
2840,6.9
720,8.4
4059,4.9
5748,5.7
690,7.1
2559,6.1
1773,6.8
602,6.7
3895,5.9
3260,6.5
4750,7.8
2770,No Rate
3655,7.7
6042,5.7
503,8.6
5278,7.5
318,8.8
5888,7.6
2776,6.5
274,8.6
5574,7.0
3018,5.8
1361,7.1
5479,6.4
1526,7.2
2513,5.7
2304,7.5
4925,7.1
3867,7.6
6016,6.4
5809,6.3
3185,6.8
5978,5.9
3926,5.4
945,7.0
4851,6.5
5950,6.7
295,No Rate
5178,5.8
2318,7.3
298,7.2
68,7.3
4516,5.9
736,8.6
1598,6.0
3612,3.5
3164,6.8
3856,6.6
1503,8.1
2271,No Rate
150,8.3
756,5.3
2164,8.7
3704,6.9
1703,7.7
5628,7.5
5965,7.2
4315,7.6
169,4.2
4325,7.1
376,6.0
4664,6.8
2525,7.2
859,6.5
4986,6.4
4951,7.9
1945,7.6
4015,7.8
2072,No Rate
378,7.5
2881,5.9
6033,6.6
1294,7.3
366,7.6
2124,7.7
1432,7.9
2865,7.2
4656,8.3
5694,6.9
1779,7.1
3966,8.1
5821,8.1
4714,6.6
1818,8.1
5990,5.4
841,7.0
5083,8.0
1189,7.3
175,7.6
3262,6.2
3829,6.8
927,8.7
3447,7.6
45,8.5
1260,6.8
1096,7.2
1443,5.4
6004,6.7
4552,6.2
3106,5.7
1187,8.3
5243,6.8
2820,6.5
1030,7.8
2399,7.9
300,8.3
1472,7.1
283,5.4
3492,6.6
2647,8.1
5840,6.7
1813,6.5
1271,5.8
4335,6.1
5900,7.8
5307,7.5
2008,7.5
3333,6.4
2476,7.9
5626,7.6
3794,8.5
99,5.2
3131,7.5
744,6.1
5715,6.3
4894,7.8
4040,7.6
6001,6.5
4347,5.2
1157,7.7
1437,6.3
4502,7.7
402,7.2
949,6.6
2067,7.6
4307,8.5
668,6.2
218,7.5
1962,7.1
5705,6.5
2666,7.5
3315,7.0
2328,7.4
4118,5.8
4051,6.4
777,8.3
3896,6.5
4401,6.4
3388,8.2
1491,6.2
4220,6.1
3646,6.4
4975,7.0
4685,7.2
4847,7.2
517,6.6
2458,7.7
4570,No Rate
5948,No Rate
3904,7.3
5673,6.2
568,5.5
360,6.4
2464,7.4
759,8.4
4522,7.0
5889,7.3
5650,6.8
214,8.3
6150,6.3
2181,7.8
5692,8.1
3210,6.6
725,5.8
2653,4.9
49,8.7
4830,6.8
887,8.2
4245,6.2
516,7.3
2284,6.6
139,8.5
2287,7.2
2574,6.0
3320,5.3
463,8.5
3501,6.4
5385,6.6
594,6.7
450,8.1
4870,7.8
2676,7.7
312,7.6
2345,6.6
3360,6.1
451,6.3
4985,6.8
890,6.4
3025,6.6
5418,8.6
4467,7.1
5780,7.3
999,8.4
3980,7.7
1476,8.4
5559,5.2
5150,6.5
5207,8.3
4447,6.7
3830,7.0
2972,5.4
5401,7.0
1293,6.0
5441,8.7
5166,7.2
1907,7.2
3977,8.3
4273,8.0
368,8.6
1937,7.7
1151,4.9
3707,5.8
3886,5.9
6080,7.8
191,No Rate
3827,2.0
174,7.8
3352,7.7
3547,8.5
4056,7.5
2233,6.8
5372,7.0
6012,6.1
2991,6.2
5815,6.8
1164,5.7
6034,7.2
2847,5.9
4596,7.5
1661,6.7
508,7.1
166,7.0
2453,7.7
4231,6.9
3737,6.3
4148,4.9
103,7.2
3382,6.4
3464,4.5
3276,7.8
1752,7.3
5513,5.5
5446,8.3
1658,7.5
152,7.5
5997,7.2
1583,6.7
2313,5.5
2715,7.5
4529,7.3
2244,7.1
2807,5.6
3337,6.6
1822,7.2
4761,7.9
3309,6.9
309,7.3
4970,7.6
5475,7.1
3317,7.7
495,8.8
205,8.9
1434,8.1
1135,8.1
868,7.8
305,6.5
1849,8.2
3765,4.3
1988,6.2
2910,5.3
1534,6.7
843,8.3
1987,8.3
3149,6.2
4063,6.6
2691,7.6
5317,5.8
1538,4.4
211,6.2
1957,7.3
3939,5.9
3937,6.2
4022,6.6
1349,7.1
2473,7.6
5798,7.2
680,8.3
180,6.6
4194,8.1
2366,6.8
3483,7.9
278,7.3
289,8.0
4631,7.9
993,8.2
2236,8.7
3217,6.5
3265,7.7
4348,6.7
4947,7.7
270,9.0
5318,4.5
5227,6.5
5935,7.8
4793,6.5
111,6.0
1391,5.3
220,7.7
4211,6.6
83,8.6
3671,7.0
5277,6.6
461,7.9
5425,6.1
551,7.5
2377,7.1
5190,7.6
3409,4.8
5079,7.3
2929,7.0
2146,5.7
3047,No Rate
2763,8.5
650,6.4
708,8.5
3996,6.3
4885,5.9
2488,6.2
1424,6.2
1216,No Rate
4710,5.5
1924,8.5
2915,6.7
2845,6.8
314,7.3
5396,5.8
1427,7.6
3098,4.8
4661,6.1
2997,6.1
4087,7.7
3400,4.3
4540,8.6
3480,5.7
6177,6.3
5952,6.0
684,7.3
4519,4.5
5003,7.5
2882,7.2
2410,6.7
326,7.7
5163,7.1
5753,7.9
2750,7.9
5338,5.4
2477,6.5
4192,7.6
3784,7.4
4391,7.5
348,7.3
1626,8.0
3410,6.4
871,7.1
5697,2.8
2788,7.4
2486,6.5
2218,6.5
4838,No Rate
2121,8.0
2549,7.6
85,No Rate
2985,6.7
1877,4.9
4871,6.9
5282,7.9
2522,6.4
494,6.2
3142,8.7
5858,5.7
5652,7.7
1270,7.3
2815,7.2
2794,6.7
5103,6.2
618,7.1
5280,7.3
3470,6.2
2780,9.5
4953,7.2
6167,5.6
5870,7.3
1413,8.1
2201,5.3
5571,8.4
4605,6.1
869,9.0
2006,7.4
4291,8.7
4267,7.6
356,6.8
1162,8.0
4687,7.2
2554,7.6
6093,5.8
1890,7.9
579,5.5
6165,6.8
5253,6.6
1691,7.9
862,8.3
4169,4.4
5654,5.9
4810,8.0
5988,No Rate
1116,6.8
1541,7.1
3803,5.1
5717,6.8
5681,7.1
4781,6.7
3628,6.9
2500,8.7
5454,6.7
2860,6.1
5471,6.1
6082,8.7
2548,7.0
5890,5.2
5689,6.3
3166,5.6
5923,4.5
2052,6.7
1776,5.8
3459,8.1
6168,5.0
1592,7.9
1723,7.6
4828,5.9
5337,7.6
490,6.0
5192,6.1
1006,6.8
4889,5.1
3666,5.6
2314,7.2
1417,6.5
25,6.8
1113,7.0
5112,6.4
1552,8.3
5273,7.8
5670,5.5
433,7.8
3100,6.8
5313,3.3
5499,7.7
3139,7.4
3279,5.3
3727,6.2
5407,5.4
3196,7.1
5937,5.4
1102,6.9
3204,5.6
4578,6.9
5936,6.1
194,7.1
615,5.8
643,7.5
4517,6.5
2589,6.3
5220,8.1
330,8.4
5684,7.6
3956,6.7
3295,1.2
4509,4.1
483,8.3
2420,6.9
719,7.7
5165,7.8
2059,8.0
5819,7.0
32,4.1
664,4.1
4855,6.5
5141,4.3
1444,7.1
4725,7.4
2531,6.3
6025,5.0
1705,6.6
3407,7.6
5655,6.1
3751,7.1
2277,7.7
1401,6.1
3968,6.4
170,7.3
540,7.5
4633,5.8
4624,7.9
2611,7.5
2879,7.3
674,8.5
3090,8.2
4995,4.6
1815,8.5
3903,4.7
2100,6.8
3308,6.4
5202,7.3
2101,7.4
5230,7.9
2970,6.9
1548,7.1
3477,7.4
4003,6.0
355,No Rate
3648,7.3
2859,6.4
3585,6.0
5466,7.2
4396,6.6
2373,6.2
1051,6.5
2321,5.9
3759,6.2
4284,8.6
1751,7.3
2617,6.8
1772,6.5
1196,No Rate
1878,7.8
2016,7.2
2005,6.4
5008,8.7
1482,8.2
328,4.6
648,7.0
2594,6.1
1123,4.2
2941,5.7
5439,7.2
3613,7.5
3012,8.1
2963,7.0
5171,7.1
1259,8.4
3218,6.1
4140,6.3
2857,4.8
1519,8.1
1378,7.3
4505,6.1
1023,6.4
3045,7.2
4743,6.6
4047,7.3
912,7.8
5533,6.2
1675,7.6
1746,8.3
5627,8.4
1736,6.8
1629,6.1
4024,4.6
430,5.5
1808,7.5
3732,8.1
2534,7.5
4560,No Rate
3682,5.2
3656,6.8
2222,7.3
3437,7.0
5404,8.3
5509,7.8
3855,4.9
5309,8.2
5482,7.5
3519,5.1
1995,6.5
4954,2.5
2224,5.9
1106,No Rate
5089,5.9
818,6.6
4844,8.2
4482,6.8
1697,7.5
6075,7.1
136,7.8
3426,8.3
3095,5.9
5474,4.6
1180,7.2
3634,6.1
888,7.0
4082,No Rate
2437,8.2
5149,6.8
3065,7.0
817,6.8
1111,6.8
3611,9.2
2341,6.8
4553,7.4
3978,6.7
1264,6.7
990,8.2
3422,6.0
1739,6.9
3571,5.8
353,5.7
4705,6.9
3607,7.0
4328,6.1
1489,5.8
4126,6.8
1228,7.1
5845,9.2
2851,5.5
6056,4.0
5781,7.9
52,9.4
3305,4.0
4035,6.2
159,8.2
3516,6.5
3864,6.1
1589,7.3
1479,7.6
1469,6.9
3247,3.8
2943,7.5
2678,6.8
2078,7.9
3650,6.3
6089,6.9
2755,7.9
436,7.9
3055,7.2
4103,6.6
1588,6.7
5409,4.9
1590,8.0
3651,5.4
973,6.7
1238,6.9
2342,7.3
5135,6.9
3290,7.7
3796,6.2
5270,5.8
2231,6.9
3849,6.5
1497,6.3
449,8.1
2369,7.4
3560,6.4
2422,5.0
5545,8.3
3169,6.4
1551,7.1
5476,7.5
1146,7.4
3954,7.4
2092,No Rate
1313,6.9
2015,7.3
3807,6.1
2890,7.6
3184,6.7
1381,9.1
5973,6.5
413,8.7
941,7.4
801,5.3
4877,6.1
5488,6.9
256,8.2
6063,8.2
2235,7.2
647,6.6
1767,6.3
4224,7.3
2646,6.6
3158,6.8
2789,7.4
24,No Rate
1088,8.0
3006,6.8
4314,7.8
112,7.7
2311,7.2
5498,6.7
56,8.0
1309,7.3
695,8.3
4490,7.2
1227,7.8
1999,7.5
276,8.8
4183,7.8
3080,7.3
1833,8.1
682,6.8
3322,7.3
4458,6.2
3035,6.9
1137,6.6
3971,6.4
4829,6.2
3187,5.9
4095,No Rate
4974,No Rate
1346,8.0
2707,6.7
3123,7.2
2968,6.8
2384,7.5
115,6.3
4296,8.3
6147,7.4
3442,7.6
2767,7.4
3443,5.7
3927,5.7
2917,7.4
5137,7.3
5075,6.7
81,5.5
1972,7.8
1714,8.4
4523,6.2
2957,6.4
3831,7.2
1946,9.7
5492,7.4
3132,3.1
5238,6.7
1610,7.3
3428,6.2
6018,7.0
4362,6.7
6037,8.0
5039,4.9
4374,8.4
665,7.9
2194,6.2
3947,6.4
5250,6.7
1017,5.1
557,7.4
5028,7.0
3593,6.7
1207,6.9
3038,6.3
5919,6.2
1510,7.2
2821,5.9
3901,5.7
4198,7.3
4200,No Rate
266,7.6
2850,6.7
3543,7.1
2111,5.7
3119,6.9
1909,No Rate
4301,7.8
5414,5.5
656,4.7
5741,7.5
4358,5.5
4368,6.9
998,8.0
3403,7.8
1784,7.2
1237,6.2
5140,7.2
5217,7.1
4092,7.3
5009,6.2
6098,6.9
2186,7.2
3647,6.9
908,3.4
3918,5.8
1303,7.6
5765,6.8
1627,8.3
1522,7.6
835,7.5
358,8.4
138,8.6
299,5.3
1556,8.4
1003,8.9
382,7.7
4113,6.1
761,7.8
5989,7.6
3130,5.2
3306,7.5
4991,6.8
4236,7.5
1402,8.2
3074,7.2
5297,6.7
2721,8.3
1932,8.0
3396,5.4
4882,5.7
5153,6.0
5272,8.6
3105,8.3
4094,4.7
2685,7.2
5099,7.3
58,8.0
76,8.2
796,8.0
2416,6.8
3161,5.8
4511,6.9
785,7.5
5125,8.5
6017,8.4
3159,3.3
2217,5.3
5266,7.0
2977,6.4
3708,6.6
2908,6.2
5664,8.1
4762,6.6
910,8.3
2172,7.4
5902,6.8
2309,6.4
5783,5.8
1257,8.1
2495,7.4
4651,8.5
3780,7.5
1178,7.0
4644,6.8
5045,5.9
442,7.7
1399,7.4
3214,8.2
5189,7.2
5886,5.1
1054,7.9
4239,5.9
4730,6.9
3221,8.2
1415,6.7
2372,6.7
4359,7.8
3148,7.3
2948,8.4
4836,6.8
4323,7.1
1502,6.5
3297,7.6
5866,5.7
2011,7.8
4676,5.4
3248,7.1
6088,6.8
4977,8.1
5057,7.2
3664,4.7
6,7.3
2487,7.7
678,6.1
1943,6.9
3934,6.5
5683,5.4
5529,6.4
5916,7.4
3979,6.6
2607,5.9
3767,7.7
5679,7.3
1064,7.4
3950,7.0
2242,7.7
1474,5.1
4576,6.2
1889,6.6
4207,5.9
2021,No Rate
5242,7.3
4393,8.1
2658,6.0
2467,7.9
4400,8.3
1130,7.2
1461,6.7
4989,7.7
5878,7.2
5054,7.3
5074,6.5
222,8.4
5725,6.0
48,7.8
573,7.5
1236,7.5
4694,7.6
5986,6.8
5548,5.5
2282,7.3
5595,6.0
267,8.3
1104,7.5
2305,6.7
4864,7.7
1935,7.2
386,8.1
1701,8.0
1628,8.1
4786,6.1
2714,7.6
3162,5.7
5398,7.4
1563,6.2
2760,7.0
3786,7.1
209,7.1
909,9.6
1289,6.6
5976,5.6
4077,6.5
1842,6.7
2497,6.0
5656,8.0
4250,6.0
958,7.1
1793,8.4
2088,7.5
2702,8.1
331,No Rate
3529,5.8
5473,7.1
3167,8.0
2459,6.3
1774,7.3
4332,7.5
3559,7.7
4660,8.0
5065,5.3
5011,6.8
4306,6.7
3984,5.7
2897,8.1
3263,6.6
1710,6.7
4713,6.1
2478,7.7
1366,6.8
173,8.7
858,8.6
4546,4.8
3066,7.0
5379,7.5
3615,7.0
1952,No Rate
5440,4.9
3548,7.0
2036,7.7
5522,5.9
4525,7.1
18,9.2
0,7.6
2174,7.2
1356,7.0
5666,5.9
3365,7.5
2826,7.4
4581,6.5
396,7.8
5367,7.4
3536,7.7
4879,5.0
1812,6.6
3822,6.2
4538,7.0
816,8.9
1572,6.9
4270,5.5
1800,7.1
2280,No Rate
4562,6.6
4881,4.9
6152,6.7
4666,6.5
5066,8.1
5324,8.3
4083,6.0
3653,6.4
3505,6.1
5117,5.2
4313,6.8
5015,6.8
554,5.9
1159,6.9
1213,8.1
6024,7.0
1325,7.0
3479,6.5
3544,7.5
700,7.0
2700,7.6
4417,7.7
1847,7.1
4531,7.1
4086,6.4
1455,7.7
5169,5.5
3126,6.4
3720,8.3
866,6.6
5267,8.0
1644,6.2
2140,6.6
5356,No Rate
6057,7.5
1490,8.6
3268,9.1
729,8.1
4733,7.1
3705,7.8
2620,6.1
1936,7.5
3328,6.5
1110,8.0
5014,6.4
5519,6.3
2998,4.8
2394,7.1
1185,8.0
2007,5.8
193,7.9
1515,6.1
4935,8.1
578,7.5
2123,5.6
1429,6.6
771,7.6
3787,7.0
2395,8.6
6119,7.3
1846,7.6
131,6.0
178,7.6
5514,7.4
4030,6.4
5461,8.1
2580,7.3
3834,7.5
3550,7.0
2652,7.5
3931,7.8
2073,6.8
658,8.1
1896,7.5
4536,8.2
2606,7.4
2221,7.3
5843,6.5
2379,7.3
1447,No Rate
342,8.0
3813,6.5
2527,6.0
727,7.0
4857,6.6
976,7.9
3053,5.7
4406,7.2
1928,7.6
3910,6.0
5929,6.4
1299,8.1
4333,7.1
5671,5.6
660,7.1
1790,6.5
3586,5.8
4137,5.3
493,6.8
4800,6.7
4334,6.5
5566,6.2
4048,7.4
5964,5.6
5229,5.5
1085,8.7
5827,8.4
694,5.5
1278,7.8
4351,5.1
1621,5.7
2561,5.6
4308,5.9
5233,6.0
67,8.6
3866,6.4
3189,6.4
2269,6.8
4340,7.2
3318,8.2
4860,5.9
820,No Rate
1226,8.0
1677,7.1
5994,8.2
2867,7.0
4500,6.8
2367,6.8
4381,3.3
4102,6.3
2512,7.3
4878,7.5
2723,7.9
5502,5.2
5857,6.4
4561,No Rate
1143,5.6
397,7.1
5690,8.6
3209,No Rate
786,8.4
5289,3.7
5775,6.6
1398,7.0
1659,8.2
4619,8.0
2220,7.8
979,6.4
2331,6.5
1298,6.2
3770,5.3
4322,8.3
4589,6.4
82,8.1
5043,6.3
4184,7.2
4823,6.5
5096,7.9
4856,6.6
3439,7.2
2903,8.2
423,5.5
5342,7.6
1904,7.6
5601,6.0
1530,6.9
4373,5.8
1565,8.5
4563,5.8
2749,7.5
839,9.0
500,9.3
4002,7.7
141,7.8
5098,7.3
2605,6.3
5524,8.4
1377,6.6
4795,7.2
6058,6.8
2266,7.9
3213,6.1
1138,6.1
2257,8.5
5257,5.3
1787,8.0
3844,7.1
550,6.5
459,7.4
2019,6.8
948,7.7
3404,7.2
5981,7.6
532,8.3
4982,4.1
1829,6.3
4229,7.5
5448,7.7
4913,8.2
3570,6.9
1602,8.7
2238,7.6
639,8.0
5963,7.0
967,8.8
5216,6.6
3929,7.3
1683,6.6
2248,6.5
4246,5.8
5518,6.9
5261,6.3
155,7.1
2295,6.3
3728,6.0
5415,7.5
1089,4.8
3967,5.2
2319,7.2
2940,5.6
5221,5.6
288,No Rate
930,7.1
2909,6.6
3793,6.4
4790,6.6
2884,7.0
3573,6.0
3406,8.6
5606,5.7
3000,No Rate
4577,6.0
3545,8.4
6091,7.2
942,7.9
2354,7.4
4903,5.5
5325,3.0
5960,8.0
1698,4.9
5811,6.1
4258,8.0
3750,6.8
4154,7.8
4349,7.7
985,7.6
1821,6.5
3289,6.7
5624,5.4
5893,6.6
981,No Rate
3733,3.2
4983,7.1
5620,6.6
4819,6.7
4420,No Rate
3700,7.1
1473,6.6
5887,8.5
3551,8.2
4896,7.2
1457,7.0
1395,7.3
264,8.0
2748,6.1
3589,6.5
2692,8.4
5971,4.9
929,9.0
4342,7.4
6077,7.6
2400,7.2
2178,6.0
5849,6.4
246,8.5
1594,7.8
1758,7.0
6008,6.7
4153,8.0
923,8.4
5247,7.6
4559,6.7
268,6.1
669,7.4
4098,8.0
1910,8.0
5861,3.0
4287,6.9
1152,7.0
5669,4.5
5067,6.1
5941,5.8
4630,7.3
2696,6.7
2591,5.7
5746,7.5
1781,6.5
2413,8.2
3013,8.0
5391,7.1
2307,6.8
3258,7.9
687,7.9
1915,6.6
5810,8.0
612,8.2
3071,5.1
4316,7.2
3200,7.4
2267,8.3
5921,5.7
2533,6.2
39,7.8
1898,7.0
1649,7.5
5714,5.4
258,5.9
2924,8.1
2434,7.3
847,8.3
2822,6.4
4526,6.4
5234,7.0
4259,4.9
5609,6.9
1233,6.8
1127,7.6
3691,No Rate
1967,8.6
558,5.8
904,7.6
2614,7.1
3143,5.5
484,8.4
2211,7.0
1320,7.1
3527,5.8
2555,7.8
7,No Rate
2315,7.3
5228,6.4
4508,7.4
4439,6.8
5421,6.8
1450,5.5
1201,8.5
2426,7.7
2648,7.6
1814,7.2
2726,6.2
773,7.4
2274,7.3
1011,6.7
4159,8.2
3168,8.4
3667,7.7
1991,7.4
1277,7.5
1783,6.9
4376,8.0
446,6.8
880,7.0
4867,8.4
5505,5.5
2727,No Rate
3048,5.9
781,6.4
2651,7.5
5999,8.4
1749,No Rate
2126,4.3
6133,7.1
2791,5.8
2423,7.3
6030,7.7
5319,4.4
883,5.5
3552,6.4
1091,8.4
6014,7.7
4244,7.2
531,8.0
4909,7.1
2438,7.2
5005,6.8
4541,6.3
2608,6.7
5059,5.5
2290,7.1
1727,7.5
610,8.2
570,7.4
3994,5.5
1317,7.9
343,7.0
587,6.7
4811,6.2
636,6.9
434,7.1
1903,7.6
3215,6.8
97,5.0
3362,6.4
3624,7.7
4768,6.0
5880,6.9
2069,6.7
1537,7.8
3392,6.7
4253,7.1
5368,5.6
3518,7.4
1517,7.0
965,8.3
5429,5.9
528,8.1
176,7.3
2470,5.5
4652,8.9
3808,6.7
3001,8.3
5284,6.8
572,6.3
3454,8.2
592,6.2
5123,7.4
3062,6.5
3684,7.1
2374,6.0
3064,7.3
5792,7.3
4456,5.7
3869,6.2
4318,6.2
2208,7.4
6105,5.9
2492,7.0
5411,5.8
383,8.1
852,6.4
1880,5.3
370,8.0
3558,6.7
4353,6.3
5357,5.9
5322,7.3
6135,6.8
1105,7.0
3852,7.4
2361,6.7
4962,5.5
1336,6.9
2189,5.2
5665,6.3
5564,6.2
3487,5.5
2246,7.0
4237,6.5
5982,7.9
1171,7.6
3274,6.3
3881,5.9
6000,5.6
1422,8.3
2686,5.9
5885,6.2
3513,7.6
3961,6.8
5560,7.7
1464,7.3
874,7.6
2297,5.2
2643,7.9
4998,5.6
5343,6.4
1251,8.5
5330,6.7
840,No Rate
4350,6.8
581,6.2
204,6.9
1641,8.0
2014,7.7
3253,8.5
905,7.0
631,7.6
4366,2.7
3771,5.4
1974,8.1
162,8.5
4428,4.6
4195,6.0
5547,7.9
3717,6.3
617,8.0
875,No Rate
1431,7.2
2973,7.4
4266,7.4
547,5.9
4696,6.3
6159,6.2
5198,7.4
4936,6.2
3435,4.4
3982,7.8
3711,No Rate
5035,6.7
2856,6.6
1861,6.5
2659,7.3
3384,6.3
5668,5.9
640,8.7
4994,7.2
1009,6.8
3366,6.5
6036,7.2
637,6.7
3941,6.3
5046,6.5
4634,6.2
2308,7.4
4288,6.9
3145,7.5
4001,7.0
2096,6.2
3908,7.1
1956,6.8
1372,7.5
5706,6.1
921,6.6
5645,7.3
546,7.8
1449,3.8
2804,No Rate
2610,6.1
1900,6.5
2757,6.2
2028,6.7
2301,7.5
1885,No Rate
1642,7.6
972,7.5
5933,6.6
2097,7.1
5361,6.6
4709,3.7
5546,6.6
6136,6.4
836,7.5
3471,7.2
601,8.0
2184,7.2
4907,7.5
3721,6.3
5299,5.0
1582,7.3
5251,7.6
5869,6.8
4081,8.4
1070,8.4
1775,6.1
5932,7.1
1283,7.6
5136,5.4
4504,5.9
5865,5.7
1836,8.0
5223,7.6
1019,No Rate
970,7.8
1326,7.7
3528,7.7
475,8.0
2810,6.6
4625,6.6
1651,7.0
5732,4.0
5271,8.0
2528,6.6
4160,6.7
3710,7.7
3870,7.1
1373,6.8
739,8.0
4742,7.1
3657,5.2
867,8.4
2974,6.5
1140,6.5
997,No Rate
1337,8.7
541,8.1
1099,7.4
1132,7.5
5987,No Rate
4066,6.6
2258,3.7
4984,7.0
3390,6.9
2962,5.9
59,6.9
3259,5.1
2206,6.7
1938,6.3
3861,5.2
6101,7.9
4399,6.3
2813,5.1
5344,8.1
5300,5.3
1078,6.6
4663,6.9
5667,6.5
4395,8.3
3932,7.3
6062,4.7
2630,8.6
4941,7.2
4161,5.7
3604,7.7
940,8.0
1080,7.9
187,8.0
3940,7.1
4251,7.0
2085,5.7
2249,7.7
4617,8.1
6043,7.6
2023,7.3
5797,3.8
1492,7.4
5854,8.3
4187,7.6
226,7.2
1013,8.1
2583,6.8
1929,7.7
4796,8.3
5552,6.3
1404,5.6
2179,5.4
697,7.4
1124,6.1
3282,6.9
1093,7.8
4230,8.1
1778,No Rate
2634,4.7
3091,5.5
5256,7.0
4639,6.8
3489,7.1
1656,6.2
1037,6.7
5143,6.3
2256,8.0
4818,4.1
6107,5.3
313,7.7
2649,7.2
2281,7.3
3909,5.5
4411,7.7
2547,7.7
1416,8.6
1036,6.4
2159,7.1
2984,6.5
3137,7.8
5130,7.7
1754,9.6
4385,7.1
5569,8.0
4038,7.6
3836,7.6
2520,6.3
3785,6.8
873,6.7
4557,7.9
4618,6.8
1506,8.1
5788,7.0
1923,8.1
448,7.8
3660,6.2
3783,5.6
6138,6.6
3842,7.2
3257,7.1
361,8.1
2183,6.1
1134,7.7
5037,7.2
3199,7.5
4918,8.2
3438,7.7
2155,7.1
1830,6.9
1053,8.3
2460,7.4
22,7.9
2066,5.7
1653,7.3
4128,7.5
4623,5.6
2743,4.3
1376,6.8
5782,6.8
2468,6.4
2325,7.2
460,8.0
1067,8.3
87,8.7
1430,6.6
5316,No Rate
4622,7.6
282,5.4
2483,7.1
462,7.8
212,5.4
2588,6.9
3742,6.8
4032,3.2
2907,8.2
2581,5.5
1368,8.0
234,7.4
4125,7.2
597,6.4
5451,7.8
2250,5.3
5013,6.3
2283,6.2
662,No Rate
6132,4.1
2285,7.0
3431,5.9
5820,6.7
5374,7.3
3898,7.7
5635,5.4
3468,7.0
4100,6.7
3601,8.2
2990,5.5
5491,6.3
779,7.3
2544,5.9
4582,4.0
4442,6.0
5424,7.4
4513,6.1
4448,8.1
5080,4.1
5967,6.2
685,8.5
3805,8.4
5245,No Rate
3243,6.9
1748,6.5
2003,6.4
4772,6.1
2837,7.0
3697,6.2
3032,7.2
2171,6.5
4260,6.4
1850,6.6
487,7.9
1688,7.0
2230,5.7
3473,6.9
4498,6.9
2320,No Rate
782,5.3
521,4.4
522,No Rate
4176,7.7
2939,6.7
4815,7.2
4967,5.7
2398,8.6
2207,7.3
4649,6.7
780,4.8
4822,6.4
4163,3.3
1511,2.5
1882,No Rate
651,7.0
2196,8.4
1801,5.8
369,6.7
5653,5.6
3949,7.3
118,8.1
377,6.9
216,7.1
2216,5.6
4691,6.9
1613,5.4
2883,No Rate
4419,8.0
5540,3.2
3632,6.8
962,5.7
5557,6.2
2510,6.2
6070,5.5
4697,6.9
4755,6.6
359,5.2
4110,6.7
1246,6.6
3408,6.5
4290,4.9
2415,8.1
5742,6.5
3694,7.3
5213,6.6
2185,5.3
4162,7.2
2567,6.3
3423,6.5
2037,7.6
5246,8.3
772,8.4
1284,6.8
6102,7.4
3562,6.4
5844,7.6
2587,6.0
5643,7.7
1414,6.2
1234,7.1
4039,7.2
435,8.8
1674,6.9
3299,7.2
365,7.0
5431,5.6
231,8.1
5252,6.3
147,9.0
5420,5.5
3088,7.5
4865,7.7
3554,No Rate
407,7.8
5701,6.7
3692,6.4
3456,5.9
2090,6.6
86,7.4
3576,6.3
3271,8.8
844,8.0
1031,8.3
3936,No Rate
4453,7.5
4078,6.4
2987,6.0
6068,8.2
2628,7.1
4677,8.4
3995,7.3
855,6.8
3003,5.9
78,7.7
2992,No Rate
2247,7.3
6052,7.4
5637,1.9
5678,5.6
758,5.7
5164,No Rate
3355,6.1
788,7.4
2279,7.6
4427,7.3
4369,6.3
5294,7.8
4912,4.7
3631,8.0
4615,6.8
3975,8.5
2176,8.1
424,8.3
392,6.7
4601,7.1
5830,7.5
2239,8.0
104,7.5
2672,6.7
5647,5.7
4808,7.1
2068,5.8
4152,7.4
3493,7.4
1948,5.6
1459,7.5
4443,7.4
1768,6.6
3298,7.2
743,6.3
4053,7.0
3835,7.5
5908,8.4
1587,7.1
4773,4.5
1731,6.6
5879,6.2
4248,7.4
4814,5.6
182,8.9
1791,8.5
2355,5.6
1940,7.6
702,6.8
2442,8.0
5816,6.5
496,4.2
4886,7.2
464,5.9
4020,7.2
5433,No Rate
172,5.8
2020,6.8
5918,6.0
3764,7.4
5497,5.2
2540,7.4
6125,7.0
2009,6.2
2260,6.3
3084,7.5
2112,5.3
900,6.5
1446,6.3
1911,6.6
3542,No Rate
2697,7.6
4825,5.9
3662,8.1
741,7.1
2293,7.6
2452,7.6
3802,6.5
3921,6.2
5044,7.3
1206,5.5
509,8.3
3716,4.6
5121,6.4
4739,7.3
1764,6.1
5593,7.4
1549,4.5
3029,6.4
4653,7.6
2202,5.8
2566,5.8
5682,5.0
2044,6.6
767,7.6
6032,5.7
3774,4.8
3699,8.1
1508,7.4
3134,7.5
3761,No Rate
6005,6.5
421,8.3
123,5.8
5129,6.6
3933,8.0
3292,7.3
819,9.3
1403,9.0
1382,6.0
2148,7.3
5194,6.8
1575,7.6
1638,8.3
1795,7.5
3331,7.2
5939,No Rate
5495,4.8
399,6.0
3151,6.4
2310,7.4
882,7.5
3565,8.2
6142,5.6
1179,8.2
1352,7.2
4101,7.6
5617,7.1
2130,5.8
982,8.0
456,5.2
1486,6.3
1079,6.3
1950,5.7
5710,No Rate
689,6.4
4874,7.0
2429,7.2
641,8.4
2392,2.8
2825,8.3
1953,8.4
3538,6.1
5101,7.0
3058,6.9
4121,8.0
4620,5.6
2710,No Rate
1083,8.2
4575,6.0
5881,7.0
4486,8.2
1884,6.4
4640,7.1
389,5.3
2494,5.4
1851,7.8
3036,2.7
4216,6.7
3603,7.3
845,6.4
542,8.0
3724,5.7
91,7.8
3679,4.6
5806,8.3
3871,6.1
4112,7.6
1979,6.6
3244,7.5
5275,7.2
3150,7.2
5047,6.9
5767,8.1
5452,7.1
2964,8.5
3463,5.5
2529,5.2
4228,7.4
1676,7.5
1048,7.7
2949,6.1
1960,6.1
2530,7.6
4537,7.8
6156,8.1
5993,7.1
237,7.6
4269,6.4
4655,6.4
1133,6.7
2880,6.0
1805,6.0
5107,7.3
163,8.5
6139,7.7
5871,No Rate
5812,6.6
5851,7.4
4628,6.5
4450,5.8
265,8.6
3839,5.5
2001,No Rate
1811,6.9
3277,4.4
5709,6.7
2978,8.2
4383,6.2
2906,7.2
4414,6.2
5660,7.3
1428,8.4
398,6.7
4149,5.0
5155,6.4
947,8.1
3078,5.8
3919,7.3
3138,7.3
5506,8.3
5072,5.9
5736,7.6
5298,4.9
3229,7.3
1826,7.3
1452,7.6
593,7.4
2725,5.8
41,7.6
560,3.2
5444,7.7
5019,6.6
489,5.2
243,8.2
3172,5.6
1339,5.3
4678,7.8
4262,6.8
4010,5.1
405,8.3
1442,5.3
261,8.6
4776,7.1
3537,7.0
5928,6.7
1689,6.4
3478,7.3
1725,5.1
1203,7.6
834,4.1
1866,7.7
2496,7.8
3016,7.0
5833,7.2
2010,7.4
4866,6.4
340,7.4
4292,6.8
1601,7.3
2796,7.5
4993,5.7
5795,4.9
480,8.7
3875,7.3
3725,6.0
6118,6.6
2785,4.6
1523,6.8
3621,7.3
4594,8.1
5478,6.1
5723,4.8
1766,No Rate
4037,7.5
6061,6.6
4999,7.2
5774,7.9
363,7.1
6111,5.6
5554,8.1
4919,4.1
5702,6.2
2562,6.9
5354,6.7
5661,6.9
3083,7.8
5687,7.8
2102,6.1
632,7.7
2493,6.5
2665,7.1
4462,7.3
4528,5.6
4371,6.4
2334,7.6
4727,7.9
3619,4.8
3883,2.3
4174,8.3
1494,7.5
2401,6.6
3874,6.4
1232,6.1
2661,7.3
2817,6.9
5640,7.2
4899,6.9
4595,5.5
3061,6.2
5274,6.8
6112,5.5
1735,6.4
2823,6.3
4219,4.2
2475,7.5
2564,7.2
5199,5.0
4770,6.7
707,8.6
3046,6.9
5265,No Rate
4708,5.7
72,7.4
5777,5.7
1190,7.8
2601,5.5
1125,7.6
1241,5.0
5531,3.3
5093,6.6
3351,5.6
4008,7.3
1577,8.1
3906,8.8
3729,6.2
1343,7.4
6161,6.8
440,4.3
1100,6.4
2637,7.3
4339,6.8
649,7.7
1546,6.5
4689,7.8
4707,6.4
2852,6.2
3503,7.1
4436,8.0
630,8.1
1249,7.8
5218,6.2
482,8.5
1584,5.5
1462,7.7
3040,8.9
5992,6.1
3273,7.1
3683,8.3
4145,6.4
4338,6.9
3225,6.6
1072,6.7
2631,6.7
1660,7.9
2425,7.6
5204,7.1
3097,4.4
3976,6.9
5525,6.6
5862,7.8
5508,5.5
4890,7.8
1408,5.7
1845,6.6
1798,5.2
3957,7.3
1475,5.9
35,6.5
444,No Rate
2359,5.8
3654,7.7
3179,5.3
1286,8.0
4764,6.2
3416,7.6
2137,4.7
2636,7.0
4016,7.2
5966,6.3
1681,5.7
6171,7.8
1692,6.5
6095,8.4
4915,7.4
3635,7.4
372,7.4
4738,7.6
140,7.4
5754,5.6
5614,No Rate
714,8.7
3188,5.8
5449,6.8
4309,5.3
406,8.1
20,7.7
1004,8.2
2411,4.7
2545,6.6
2390,4.4
4959,8.0
42,5.3
2830,5.5
3371,No Rate
3022,6.3
3364,6.1
11,7.9
1177,8.4
1947,6.7
2501,6.5
2863,6.8
3865,7.3
1026,6.7
3848,8.2
2989,6.0
961,7.9
2889,7.5
3015,7.4
3338,6.9
4352,5.2
735,7.9
1440,No Rate
2875,8.2
3986,5.4
916,5.1
5151,7.0
4089,6.5
5704,5.6
5168,6.9
2772,No Rate
1624,6.6
5362,3.3
821,8.6
1367,7.2
3712,4.7
5549,6.3
850,7.0
1000,7.8
4586,7.6
4114,7.1
1637,6.5
1667,6.5
3173,7.2
4693,6.5
1347,6.4
4817,6.2
3230,7.8
4331,6.0
4740,5.2
3232,No Rate
5048,7.7
703,7.2
4920,5.5
3291,4.8
3673,8.4
2408,8.2
1327,5.3
5750,7.2
5060,6.0
5158,7.3
986,6.2
5602,5.7
5306,8.4
5113,7.3
4049,5.0
3485,7.5
2474,7.4
3873,5.3
1198,7.8
4181,8.1
1518,7.3
1799,7.0
1014,8.6
128,8.3
1364,7.1
4745,4.9
891,7.5
2793,6.4
5183,4.3
5882,5.1
5291,7.2
3249,6.5
1208,7.5
3868,4.7
5543,8.1
4065,6.2
5899,7.8
1239,6.0
2289,6.5
2740,6.3
275,7.2
1035,7.6
1229,6.8
1008,8.1
3828,7.5
2532,7.2
4293,6.2
1058,7.9
4609,5.8
281,6.1
1043,7.8
1316,8.1
968,7.8
2381,7.8
4990,8.0
1939,7.5
4424,7.0
1274,7.4
619,7.0
4478,7.5
1742,7.7
1390,6.1
5025,7.3
1579,6.5
1655,8.0
3568,7.7
2352,4.7
2212,8.0
6141,6.8
3178,7.2
3192,7.2
1307,6.6
575,4.9
2360,6.2
1280,7.4
5021,7.8
5110,7.2
1993,7.9
2639,6.9
269,4.9
629,7.4
5903,6.6
3081,6.9
3466,8.1
5386,7.5
4023,6.0
2046,5.7
4356,8.3
4845,7.1
2113,7.5
27,8.1
2040,7.7
3928,8.0
5582,6.2
3216,7.2
3814,8.8
129,8.4
4574,No Rate
6065,7.4
13,9.2
5292,7.3
1525,7.1
2365,6.3
3052,7.5
4005,6.4
2340,7.1
374,6.6
5962,8.0
5302,7.4
939,7.3
5912,6.6
2147,6.2
3591,5.3
5605,8.4
6174,8.3
3623,7.0
529,8.0
3714,8.5
1269,6.6
4281,5.6
1394,5.7
4009,6.5
4390,3.2
1797,7.9
2979,7.8
1441,8.2
4614,7.7
6021,6.9
3811,7.3
1273,7.5
1712,7.3
955,7.4
4602,6.1
4934,7.1
5457,8.5
403,No Rate
2071,6.1
5868,6.4
1977,8.2
158,7.8
3888,7.3
902,5.3
352,8.4
4130,7.3
754,8.2
2971,7.9
6148,5.6
2920,6.0
311,6.4
661,8.1
1989,7.2
3665,6.0
306,9.1
2335,6.5
2356,8.3
3702,7.1
3804,6.6
1927,6.3
3427,5.2
749,5.7
3638,7.3
4487,1.9
1266,8.2
4901,5.8
5455,6.4
3595,7.0
2134,6.9
4109,7.0
514,7.1
5520,5.7
409,7.7
4603,7.9
6153,7.5
6108,No Rate
5346,5.5
207,7.6
458,7.0
2054,6.6
2430,5.0
250,7.2
5269,6.3
1107,8.5
5006,8.1
1713,6.8
3911,8.1
715,7.4
552,7.5
1439,6.4
2270,7.7
3144,6.6
5897,6.7
1925,6.5
634,7.4
316,6.1
5801,8.5
427,8.4
5285,5.6
105,8.4
3041,8.3
4238,8.5
2169,No Rate
1709,6.9
89,8.5
2241,6.4
3174,7.0
4606,5.1
1949,6.7
4044,6.8
2848,6.3
1,6.3
4337,7.7
935,7.7
5283,6.6
2720,6.4
591,7.4
5219,7.7
2936,7.3
2448,7.5
1576,7.8
5154,5.5
213,6.9
778,8.8
3496,6.8
4840,5.4
2043,7.7
5838,4.2
1567,6.6
165,8.6
3566,8.4
4724,5.9
5873,7.6
2013,5.7
273,5.1
3860,6.2
4167,5.8
4927,7.6
3788,6.6
394,8.2
583,7.3
6158,8.7
5983,No Rate
5907,5.8
520,7.9
1763,7.6
1875,7.8
3965,6.3
3344,7.0
2253,6.9
3224,4.9
526,6.4
2946,5.9
4473,6.2
3899,5.8
692,5.0
5839,7.8
4444,8.0
3633,4.5
1050,6.7
590,8.6
519,8.6
3380,6.3
3676,6.5
5086,No Rate
1607,6.1
3610,6.0
5894,4.0
1809,7.1
791,8.3
792,4.0
5076,5.4
1855,6.6
1980,8.3
3233,6.4
3598,7.9
933,7.2
3963,7.3
5735,5.8
4179,6.5
4026,7.6
4116,7.0
988,5.0
4760,No Rate
3453,6.3
5639,6.8
3778,7.0
5179,7.7
3093,6.6
3155,6.8
3201,5.1
5585,4.5
1098,7.2
5128,6.7
2844,6.7
886,8.5
6096,6.2
5206,7.5
515,8.0
5698,7.7
1453,6.3
3553,5.3
3609,8.6
2506,7.8
2994,7.4
3999,6.8
5853,5.1
906,7.2
28,8.4
2507,8.2
2428,5.2
762,8.0
3747,6.6
284,8.1
686,6.7
2353,6.6
4966,8.0
5953,7.1
21,7.7
2752,5.3
885,7.3
917,8.4
1040,7.7
1265,8.3
4579,6.3
5340,6.3
277,No Rate
2084,7.2
1245,8.7
2382,6.8
571,8.4
1435,8.0
3902,6.6
1247,6.2
3526,7.0
2514,5.1
1007,7.1
4543,6.3
5345,6.0
2064,7.1
4872,6.5
1690,7.2
5326,7.7
1985,6.5
294,7.4
1547,6.9
2012,7.1
588,7.9
3329,7.6
2403,7.3
2129,7.2
3998,7.4
5403,7.1
3741,7.3
3508,8.0
2719,6.5
4521,5.6
5623,6.2
5629,6.1
556,7.2
2469,7.3
3738,6.0
4286,7.8
5081,7.8
1716,5.3
2604,5.6
5700,8.6
1704,6.6
2139,8.7
3239,7.4
2383,7.2
4311,8.1
1285,7.1
5255,6.1
5516,2.7
3930,4.1
4668,5.5
1591,7.6
5470,4.8
2162,6.3
2396,7.2
317,8.5
5542,7.2
3111,7.4
4036,7.5
795,8.1
3020,5.9
1711,6.0
3387,6.8
36,8.7
4549,7.9
913,No Rate
3972,7.7
4133,6.6
974,7.2
983,5.6
5038,7.3
1418,5.6
1560,7.7
4135,5.6
4922,6.5
4265,7.5
1355,7.4
5856,6.2
987,5.3
2682,4.2
1640,No Rate
1290,8.1
3681,8.1
1380,8.5
1933,7.3
4675,6.2
5195,6.0
3160,7.0
2030,8.8
892,8.7
4069,7.7
4255,7.2
2,6.4
2109,7.7
849,7.3
2737,7.2
2466,6.6
1914,7.2
1596,6.2
1913,5.3
5817,5.8
2736,7.8
726,7.8
53,8.0
1796,6.4
3845,6.2
2553,6.4
2800,No Rate
936,8.4
5090,7.1
824,9.0
4321,6.1
3401,5.6
1389,No Rate
3564,6.4
884,8.1
1868,7.6
10,8.2
3415,6.8
1463,6.4
806,6.0
4850,5.6
4068,6.2
2108,7.6
5212,7.3
6124,No Rate
2234,6.4
963,8.2
4494,6.7
2632,5.9
704,No Rate
431,6.0
4388,6.0
145,6.4
2033,6.7
5180,6.4
1165,7.4
3500,6.2
2050,7.5
3760,5.9
2624,7.7
4484,7.9
4435,4.5
4917,4.7
4782,7.1
4361,6.8
2424,5.6
1262,6.6
1771,7.6
3511,7.4
271,7.0
244,7.2
6053,5.5
4572,5.7
2032,7.5
4876,5.7
813,4.8
3810,6.0
5012,8.1
1804,6.0
4346,7.0
2461,7.7
545,8.0
3241,6.1
738,7.5
310,3.9
3521,5.6
1131,7.6
6084,7.1
4111,6.3
2769,8.0
920,6.9
3587,6.3
3959,3.1
38,6.7
4459,6.9
4278,5.2
2983,2.8
6163,6.3
2667,7.3
3223,6.2
1182,4.8
614,5.7
6066,4.9
1466,7.9
4497,5.7
3042,7.3
934,8.3
2419,5.3
5572,8.2
5000,6.3
826,6.5
1521,7.9
2930,6.9
4232,7.3
628,5.5
4430,No Rate
3853,6.5
390,6.1
4345,4.8
6023,7.6
3990,7.2
400,6.2
4806,6.6
3359,8.2
46,7.2
5922,6.1
6087,7.3
3642,6.8
3726,8.2
5995,7.1
2421,7.9
1750,7.8
5969,6.7
5055,6.6
4062,7.3
338,7.9
215,8.5
3663,5.1
1341,7.7
5646,5.9
3894,7.3
3640,7.1
329,8.4
3004,7.3
5898,7.8
3115,No Rate
5972,6.4
2322,7.1
4197,6.4
3549,6.5
1458,6.9
171,6.5
4203,5.6
5170,7.2
3569,6.6
4226,7.1
5033,2.3
5085,7.6
938,8.3
60,8.9
1240,7.5
5159,6.5
2120,7.6
1524,7.4
153,No Rate
481,8.5
4460,5.3
3920,7.6
1762,5.4
750,7.0
1785,7.6
4501,7.6
4853,6.6
2711,7.1
4988,6.6
4193,6.4
1333,5.8
5493,6.6
2854,6.4
186,8.8
1136,6.2
2058,8.7
5958,7.1
148,3.3
4124,6.8
3363,7.2
4788,7.1
2866,6.7
3776,8.6
1386,7.4
5836,7.5
5108,8.0
3629,7.5
5556,7.2
4797,7.7
3028,7.7
2969,6.1
5360,5.9
1708,7.0
2953,6.1
454,7.0
609,7.3
4263,7.4
4826,5.6
5231,8.4
2074,5.6
4052,7.3
5017,5.6
1622,7.0
4683,7.2
5405,7.2
40,7.7
2089,7.6
3924,6.5
2175,6.8
74,8.4
4938,6.8
6094,6.9
2657,6.0
3180,7.0
2076,5.7
441,8.3
2051,8.0
2541,6.2
1301,7.2
3430,6.4
1304,7.9
236,7.7
5144,5.5
2599,6.0
4616,7.1
2573,No Rate
3280,8.0
3186,6.0
3953,6.2
2768,7.5
4831,7.6
4223,6.2
2106,5.7
2679,5.5
2761,8.2
4688,4.2
1387,6.4
5796,6.8
5588,7.5
1279,7.4
6055,7.2
1555,8.9
5583,6.0
3190,6.4
4566,6.8
4802,6.0
5955,7.0
4841,6.5
3594,8.3
1920,6.6
513,8.7
4177,7.5
1308,5.8
914,6.4
3452,6.4
3695,7.4
4242,7.4
3156,4.7
2198,7.4
774,8.3
4425,7.7
943,6.2
822,5.5
4277,5.8
164,6.7
4547,2.8
3983,6.7
2538,7.6
5891,6.7
1311,7.8
5612,7.3
5146,6.3
5731,6.5
3300,6.5
3310,7.8
327,5.9
2490,6.0
5785,4.1
4408,7.0
832,6.5
3079,7.7
3462,7.1
5406,6.3
54,5.8
4064,7.9
3451,6.0
1901,6.7
1481,6.4
4873,7.6
4895,8.0
4150,5.3
3335,8.4
4926,7.3
946,6.7
3293,6.2
2161,7.9
6175,7.3
3057,7.0
768,8.3
5805,6.4
3495,6.7
285,7.9
6104,2.5
4524,7.2
5490,7.2
2332,6.8
2717,6.7
2079,7.4
3389,8.0
722,8.0
951,7.6
5375,3.4
2262,6.1
989,6.8
3212,6.1
1759,8.7
5998,7.0
4422,8.2
1724,6.2
341,8.8
3701,6.0
4243,6.5
688,7.7
3432,6.9
4944,6.9
966,8.2
5831,2.9
2203,5.4
2713,7.0
4757,5.8
5434,8.6
5648,6.9
3572,6.6
4805,7.0
1990,6.2
4120,5.8
4759,6.7
5477,6.9
6176,6.0
4971,6.5
5850,8.3
5034,7.6
3600,4.7
5634,7.9
6149,7.2
5087,6.2
385,8.1
5381,6.9
5636,8.2
536,7.7
5760,7.4
5032,5.7
4212,3.3
3507,5.6
201,9.3
1332,7.7
3502,8.2
2708,6.6
5031,5.9
4662,6.6
4021,7.1
1854,6.4
5517,7.4
2872,7.5
3030,5.8
1205,7.5
1645,7.7
3417,No Rate
3476,7.2
2861,5.8
1792,6.5
3797,8.0
3368,6.0
3367,6.2
3533,4.6
5412,6.8
3449,6.7
603,7.7
3056,7.3
5365,8.7
126,8.8
3876,7.4
2935,6.4
4451,6.0
3531,6.5
2730,7.1
827,6.9
1639,7.0
984,7.3
3281,5.4
6140,8.0
2188,6.7
5686,8.2
2443,7.8
362,8.1
2349,6.4
345,8.4
814,8.7
4807,5.8
3205,4.8
5472,8.3
5917,6.0
3325,6.7
4106,7.0
2116,7.6
1834,7.4
793,8.5
6113,5.1
2674,6.7
94,6.7
4225,3.4
3756,8.1
2891,8.0
2371,5.9
5114,6.4
5468,6.2
3228,6.3
5501,5.1
2853,No Rate
2912,6.8
1865,5.3
4612,7.4
1857,5.1
2645,4.3
2243,7.5
2336,7.0
950,No Rate
3068,7.2
1120,7.6
2597,No Rate
2204,5.2
419,6.3
922,7.5
1254,5.5
477,7.6
2035,6.4
1202,8.1
2626,7.6
5942,7.9
1970,6.3
3110,6.6
4018,6.9
2151,6.6
3687,7.2
4916,4.9
1997,No Rate
4033,4.3
6059,7.1
3054,5.7
1248,6.8
2192,5.6
2712,6.3
992,8.1
2190,4.2
4670,6.7
5142,7.3
3762,4.6
3597,7.6
4711,3.0
1318,8.1
1863,8.1
2343,4.7
2449,5.8
2136,8.0
1065,6.9
6128,7.0
4227,4.2
2621,5.3
77,8.1
2898,6.7
4820,No Rate
1314,7.1
5384,6.5
872,5.9
3850,No Rate
5906,4.0
2965,8.0
3391,6.8
2560,7.4
6051,5.8
2635,5.8
3530,7.1
375,8.7
1908,8.5
4429,6.3
5335,5.6
6130,5.8
4027,7.1
1604,7.3
1118,7.0
3677,No Rate
3490,4.7
6007,6.6
2958,7.6
1994,7.2
6123,5.1
5359,7.2
2376,6.7
1342,7.9
320,8.9
1619,7.8
3713,7.2
2060,7.6
2219,7.3
1673,8.0
260,8.0
5447,7.6
2039,6.5
4785,7.8
901,9.0
3744,7.0
2026,4.5
4234,6.5
1917,6.3
1828,8.1
1573,7.4
4415,8.7
4749,7.8
5413,7.4
4654,7.0
4208,6.0
4627,5.7
224,7.6
723,7.3
5537,6.5
1141,7.9
2762,7.3
846,6.8
4289,7.2
5042,4.8
2551,5.2
2928,8.2
117,7.9
645,8.0
3,6.4
4170,8.6
467,7.6
5,8.8
919,6.2
2595,7.8
4324,4.6
1063,7.8
2590,6.2
242,5.9
5366,6.7
1160,7.1
2870,7.5
3735,6.9
2397,7.3
3517,No Rate
3421,5.9
2563,6.9
1605,7.5
5954,6.5
2324,6.2
2709,7.8
5419,6.4
1312,8.1
3448,7.6
3812,7.9
5743,5.4
2362,6.4
1975,6.3
3514,7.4
1761,6.4
2739,6.0
5751,7.1
2472,6.1
4007,6.3
4718,6.4
1493,8.1
4206,No Rate
2158,8.4
1169,7.4
5576,6.4
232,7.7
66,7.9
1603,6.6
3283,7.4
3596,7.2
4632,6.8
125,8.6
1296,7.5
1976,7.7
5577,7.3
5532,5.5
2075,5.1
4580,8.0
3086,7.1
5349,7.2
3345,6.8
5558,7.0
2797,7.7
918,6.4
1646,6.8
5122,7.7
5126,6.9
4978,7.0
4621,7.8
364,7.4
3287,7.3
2125,7.6
4123,7.8
4569,6.9
525,6.8
4821,4.9
55,6.3
638,8.8
302,7.6
2766,8.1
1276,5.9
4720,7.3
2055,7.5
5145,7.3
4432,6.2
3644,7.8
4143,8.9
2878,7.6
4202,7.8
5175,8.3
2286,7.3
2261,6.8
5240,7.7
2296,5.3
1753,6.9
5197,7.3
1968,6.5
5355,4.8
3117,8.8
2393,6.2
523,6.5
3900,7.3
5756,5.1
4699,6.4
5443,6.2
3122,6.2
4156,8.4
1969,3.7
671,7.5
4188,5.4
666,7.5
5341,5.4
1887,7.5
3266,8.1
280,6.8
1719,6.7
2947,7.1
4455,8.4
899,7.9
5985,3.7
760,7.3
1906,6.5
4042,6.1
3823,6.5
4138,5.5
3818,7.6
4300,6.8
2593,7.4
4164,4.1
3031,No Rate
3579,5.8
2832,6.7
3472,7.4
137,7.7
4892,5.7
2180,7.2
2128,6.8
3177,6.2
4854,6.7
4637,5.9
5115,6.3
5376,7.1
4261,5.8
4344,5.7
1331,7.0
2017,6.0
4542,8.1
2482,5.6
1358,6.5
1329,6.4
6086,6.2
2150,5.4
4530,7.4
2122,7.6
4673,7.5
3981,6.1
1252,7.5
3278,5.7
3374,8.8
2814,7.4
4719,6.8
1848,6.6
4858,6.7
3037,7.5
388,7.7
235,5.5
1077,7.8
1984,6.5
4363,5.5
3962,6.4
770,8.1
2165,6.1
4533,5.4
673,6.3
249,7.6
1574,7.4
3419,7.1
2081,6.6
1823,6.6
5713,5.8
5905,6.6
4544,6.9
716,7.0
5503,6.3
5763,5.7
2048,8.8
5264,7.1
4178,7.3
4809,3.9
2724,No Rate
6049,6.9
1460,7.6
1668,6.6
2756,5.8
2000,6.6
4571,5.2
4613,5.7
404,6.8
384,5.6
5544,No Rate
2152,4.0
1633,5.7
5657,5.6
4784,6.7
3925,6.7
5336,6.1
4158,6.8
4948,6.9
5358,6.0
223,6.9
2193,5.8
3136,5.1
4469,6.3
1824,5.4
5672,7.0
5124,3.4
4972,6.4
797,6.7
2871,6.4
9,8.3
1944,6.6
1838,6.9
4804,6.5
255,5.3
4485,5.4
5563,6.6
1581,7.8
2956,7.5
924,7.2
5465,7.6
2508,7.0
5024,8.3
5320,8.6
3775,6.4
4835,3.7
4136,6.7
4964,4.8
2779,7.1
539,8.2
2745,8.3
5550,8.3
5638,6.2
5467,6.8
1145,8.1
5127,8.3
4468,6.9
667,7.9
3019,8.3
357,4.3
5063,4.7
2831,6.2
2783,7.3
1353,5.7
5131,6.1
470,6.9
2703,7.3
3330,6.8
3637,6.0
1396,7.3
3584,5.4
5538,6.0
5262,7.6
3376,7.6
1256,7.9
3512,8.0
1250,6.7
5348,7.3
5931,6.7
4298,7.7
3284,8.1
2933,6.5
4175,3.0
5268,5.8
4910,5.3
1852,7.4
5776,7.6
6013,6.6
2105,7.1
133,8.3
5236,6.4
5029,6.0
928,7.3
823,8.3
5608,6.2
1531,7.0
1214,8.6
504,7.7
4285,5.9
1996,7.3
3072,8.0
1958,6.7
1384,6.9
894,6.6
4924,8.5
455,8.2
5721,5.2
3709,5.7
5696,4.8
4849,8.4
4748,7.8
4268,8.6
3522,4.1
4134,6.8
3602,6.1
713,8.0
4186,6.1
2214,7.7
5301,5.5
2923,7.8
1810,8.7
3486,7.7
3141,6.5
1827,8.1
1155,8.1
1324,7.3
4312,4.1
510,7.0
1680,7.3
499,7.5
5599,7.2
1856,6.2
1388,8.4
3719,5.4
2386,8.4
5541,7.5
3236,6.9
1540,5.5
1217,6.9
2681,7.2
2993,4.8
5512,6.7
1191,8.6
5293,8.9
1542,6.8
3301,8.4
3324,4.4
2539,3.8
953,8.3
4846,8.1
4330,7.2
732,8.3
6169,6.6
1156,8.3
5720,No Rate
3294,7.9
2982,7.0
5305,7.5
5161,6.3
2156,8.0
1062,7.6
2616,7.0
1167,8.9
3222,6.3
3636,7.2
2938,7.2
4491,7.5
3140,5.0
4980,5.8
143,No Rate
6120,7.6
3577,5.4
4946,6.2
2782,6.0
717,6.4
1819,7.3
2502,6.5
4360,7.7
4171,6.7
395,7.5
5968,4.1
4492,6.5
1365,7.3
5779,7.1
595,4.6
3952,6.4
5392,7.4
4968,6.6
2914,7.9
2326,7.8
3766,7.1
3440,5.0
3851,4.8
4132,7.9
5662,4.3
2143,6.3
5693,6.3
5073,6.3
1571,7.0
4079,5.5
1122,7.6
2786,6.7
2967,6.7
2504,6.9
3465,7.0
675,8.4
2808,7.9
3348,6.6
728,6.6
412,8.6
3146,7.5
1516,7.7
825,5.4
3267,7.1
3974,3.4
616,6.7
114,6.3
417,6.3
3069,6.1
1625,7.6
6117,5.7
4185,5.6
2896,6.2
5766,7.1
2082,7.4
753,6.7
2546,8.5
3969,6.1
3373,7.1
4107,5.3
2444,7.8
4380,7.4
1066,8.1
3913,4.7
5287,5.3
5536,6.5
5387,6.5
3498,7.2
2738,6.8
5052,6.6
4000,6.5
1568,7.9
2427,7.8
3746,5.3
5724,No Rate
1687,5.3
851,7.4
3546,6.0
895,5.3
4592,6.5
335,6.1
2839,7.6
3087,6.5
4611,6.6
1348,6.7
1015,7.1
2816,7.9
1631,6.6
2489,6.2
3730,5.9
3251,6.1
5718,6.5
2070,6.5
4452,5.7
6031,4.9
5408,8.0
1635,5.4
4646,6.8
2479,6.9
2265,7.5
2959,8.6
5323,6.6
5837,7.2
3059,6.9
5053,4.7
2141,8.0
5104,7.4
3118,7.8
5188,7.6
5829,6.3
4045,6.0
3356,4.0
2744,7.3
5092,7.3
3506,4.2
1679,6.9
4249,5.1
3147,7.3
2294,7.9
580,5.8
1470,7.4
4799,6.7
4070,8.1
5308,6.8
3343,7.7
4992,5.6
4583,6.8
3672,6.9
559,8.4
5237,7.7
5215,6.2
2849,7.6
512,8.4
4729,6.2
1081,7.1
1664,5.3
1012,6.5
1931,6.8
1150,7.0
2838,6.9
116,No Rate
740,6.3
5930,6.7
5177,7.1
3675,6.8
830,7.9
119,5.8
4752,6.8
5895,4.9
5846,6.3
6106,7.2
635,6.9
4465,5.6
4364,7.4
4142,7.3
991,7.8
876,No Rate
4869,8.6
5315,4.9
5222,5.8
4,8.3
3051,6.4
5691,6.3
3124,7.3
2660,7.7
2491,6.3
5173,6.0
3854,6.5
4933,6.3
4777,7.3
1715,7.5
1148,7.7
3261,5.6
574,6.4
3769,8.5
3736,8.2
4146,7.6
853,8.0
1982,6.5
2774,8.7
4929,4.9
5211,7.1
1166,6.7
971,7.3
2701,6.2
4495,7.3
3847,6.2
2368,7.1
4115,No Rate
4780,6.7
4131,5.1
2950,5.7
5625,7.5
524,7.8
2455,8.5
5016,7.1
1841,5.5
537,7.7
2806,6.4
5596,5.5
4341,6.3
3175,6.4
784,6.9
4057,8.3
1409,7.5
2537,4.6
154,6.8
3009,7.4
1686,8.3
2901,7.1
6116,8.0
4721,No Rate
3863,3.7
2733,6.5
1895,8.3
5442,6.8
569,6.4
1816,8.5
2065,6.1
127,8.4
3394,6.9
3327,5.9
6155,6.8
2975,7.6
980,No Rate
2300,6.5
190,8.5
1139,7.7
5088,6.2
699,7.8
5896,6.8
606,7.7
4276,7.7
301,No Rate
3420,8.0
5944,6.9
1060,8.1
2565,4.8
6166,7.1
1069,8.3
2524,6.6
2205,8.1
1243,6.5
16,8.8
3120,8.2
6157,6.9
4642,7.3
4754,7.4
815,7.3
3067,8.2
5901,6.2
5600,5.8
959,8.1
4893,7.6
225,No Rate
3354,4.7
2485,4.8
562,7.0
3436,5.2
1693,6.4
1045,6.5
3446,7.5
4565,6.3
954,6.6
6154,7.5
2735,5.6
6060,5.3
4735,6.2
5947,7.7
1218,8.3
5254,8.3
5511,6.8
1527,7.9
3987,7.3
6097,7.7
1300,7.8
6044,7.8
5699,7.9
160,7.2
4067,7.1
5800,6.8
956,7.7
3791,7.1
3234,8.2
2869,7.3
3777,5.2
4433,6.0
4973,5.1
2961,6.1
2200,7.2
98,6.7
6006,6.6
2557,7.5
3183,7.4
253,7.6
3923,6.3
4199,7.2
1445,8.0
5539,7.4
1648,7.3
4682,5.9
4723,7.6
3991,4.3
1696,6.9
3191,6.4
4499,6.5
1154,7.7
2255,6.5
1682,5.7
3170,7.7
2056,8.1
4090,7.7
6026,5.7
3108,7.8
4548,7.7
3723,7.5
5423,8.0
2049,6.5
4976,6.4
3643,7.4
6092,6.7
623,5.5
5883,7.1
262,7.4
5730,8.0
3369,6.8
4061,7.1
5534,7.9
1802,6.6
4736,5.1
6164,6.4
2385,4.4
5759,5.8
1959,6.8
2976,6.2
488,6.7
1843,5.9
1734,8.4
2911,5.8
3219,6.1
146,5.2
5630,6.0
1986,7.2
1369,6.7
2811,6.4
659,7.8
1794,4.7
2511,7.4
3397,7.3
4282,6.1
1147,7.5
3272,6.5
608,6.4
3582,8.0
1930,8.0
197,7.7
2931,6.9
2327,No Rate
4389,7.4
766,6.1
4496,5.9
4218,5.6
3255,7.2
202,8.6
3510,5.4
4931,6.6
5535,7.1
1733,7.3
5791,7.0
2777,7.7
1707,6.7
5172,6.6
5249,6.2
5757,4.5
3474,6.9
5855,6.9
854,5.1
5685,6.5
4737,8.5
4097,7.6
2160,5.6
698,7.1
6114,4.8
2999,8.0
3696,5.3
1636,5.5
3457,5.6
3581,7.2
1291,7.9
4659,6.3
5616,7.3
1853,8.2
5232,No Rate
3763,6.8
3304,8.2
6074,8.5
5727,6.0
3743,7.6
3445,No Rate
1998,7.1
663,7.0
4779,6.4
5353,5.6
3748,7.6
4413,6.6
4744,4.0
5530,7.4
5575,7.7
709,7.2
1282,8.5
5864,6.6
5068,5.8
2675,8.0
4029,7.7
1306,7.3
5496,7.0
5504,5.9
2237,7.7
3302,5.0
5592,6.0
2038,7.0
1529,7.4
1663,7.0
5450,6.8
6099,2.7
6121,6.5
3627,8.0
5739,6.4
5147,7.9
4891,4.5
2693,3.7
3060,8.0
1597,5.8
2729,7.7
2625,6.5
5915,6.9
3157,7.0
3314,6.1
1722,7.7
5279,7.3
1059,5.7
4636,8.3
3242,6.7
1678,7.7
1757,6.9
6019,8.6
4191,5.4
5116,8.1
563,6.9
2790,8.0
863,7.8
1484,6.4
5977,7.2
5134,5.7
206,8.4
4488,6.2
870,6.9
4493,7.7
502,8.4
1028,7.4
3840,6.8
2690,5.7
5581,6.6
5056,8.8
1570,6.5
2773,7.9
5991,6.5
2731,6.9
804,8.1
5847,6.9
3645,6.0
2454,6.6
4598,5.7
3104,7.4
4875,5.0
5959,3.9
200,8.4
3099,7.4
2278,6.2
3561,7.5
5892,7.1
4474,5.4
4514,8.1
5794,6.8
391,6.4
5618,6.9
5258,7.1
1495,6.1
2695,7.4
2027,7.6
5248,8.0
5463,6.8
2568,7.5
64,7.5
3884,7.6
2062,7.8
5276,6.8
492,6.1
379,8.2
4859,6.0
3993,6.3
4887,8.0
1076,6.6
878,7.3
337,7.4
1016,7.7
1275,7.1
3798,6.6
4551,6.7
3342,8.3
4911,6.6
995,5.2
1981,6.7
4297,7.6
161,8.1
5675,7.1
4798,No Rate
1500,7.3
3843,4.7
5225,7.2
2613,7.3
3461,6.8
1021,6.8
3073,6.2
3943,6.6
1585,7.0
1955,7.2
3152,7.0
34,No Rate
4014,No Rate
775,5.1
2556,No Rate
1478,7.5
5486,No Rate
1363,7.4
2612,7.5
2824,6.9
2041,5.6
241,6.9
2061,7.1
2363,7.7
600,6.6
2435,No Rate
5393,6.5
2888,5.7
646,8.3
3890,7.3
3556,6.8
3202,7.3
1528,No Rate
1267,No Rate
1899,6.5
4658,7.9
3005,7.9
2734,4.3
189,6.6
1806,6.8
975,8.5
2747,7.1
2047,6.8
2558,7.7
1082,8.5
474,5.4
2904,7.2
4843,7.1
4117,8.0
3385,7.5
4555,6.5
1184,8.2
5051,5.7
5311,5.7
2433,7.6
5611,6.1
2391,8.0
769,8.3
1685,7.6
130,8.6
2919,5.8
3171,6.6
3444,7.4
5578,4.6
4426,6.4
5334,7.2
466,8.4
5734,6.3
3092,5.5
3772,4.7
5191,6.4
5226,4.9
5390,6.8
860,6.4
